slug,name,sku,price,description,categories,image_url,audio_url,asset_code,album,track_number,raw_slug,metadata_path
will-you-listen,Will You Listen,HAWK-SG-01,0.69,Digital download of “Will You Listen” by Hawk Eye The Rapper.,01_Singles,https://assets.omniversalmedia.shop/lyric-arsenal/images/covers/HAWK-SG-01/album_art.png,https://assets.omniversalmedia.shop/lyric-arsenal/audio/HAWK-SG-01/will_you_listen.mp3,HAWK-SG-01,01_Singles,1,will-you-listen,HAWK-ARS-01/_workspace/01_Singles/01_will-you-listen/data/metadata.json
psyops,Psyops,HAWK-SG-02,0.69,"Digital download of “Psyops"" by Hawk Eye The Rapper.",01_Singles,https://assets.omniversalmedia.shop/lyric-arsenal/images/covers/HAWK-SG-02/album_art.png,https://assets.omniversalmedia.shop/lyric-arsenal/audio/HAWK-SG-02/psyops.mp3,HAWK-SG-02,01_Singles,2,psyops,HAWK-ARS-01/_workspace/01_Singles/02_psyops/data/metadata.json
incantations,Incantations,HAWK-SG-03,0.69,"Digital download of “Incantations"" by Hawk Eye The Rapper.",01_Singles,https://assets.omniversalmedia.shop/lyric-arsenal/images/covers/HAWK-SG-03/album_art.png,https://assets.omniversalmedia.shop/lyric-arsenal/audio/HAWK-SG-03/Incantations.mp3,HAWK-SG-03,01_Singles,3,incantations,HAWK-ARS-01/_workspace/01_Singles/03_incantations/data/metadata.json
mind-kontrol,Mind Kontrol,HAWK-SG-04,0.69,Digital download of “Mind Control” by Hawk Eye The Rapper.,01_Singles,https://assets.omniversalmedia.shop/lyric-arsenal/images/covers/HAWK-SG-04/album_art.png,https://assets.omniversalmedia.shop/lyric-arsenal/audio/HAWK-SG-04/MindControl.mp3,HAWK-SG-04,01_Singles,4,mind-kontrol,HAWK-ARS-01/_workspace/01_Singles/04_mind-kontrol/data/metadata.json
return-of-kings,Return Of Kings,HAWK-SG-05,0.69,Digital download of “Return Of Kings” by Hawk Eye The Rapper.,01_Singles,https://assets.omniversalmedia.shop/lyric-arsenal/images/covers/HAWK-SG-05/album_art.png,https://assets.omniversalmedia.shop/lyric-arsenal/audio/HAWK-SG-05/return_of_kings.mp3,HAWK-SG-05,01_Singles,5,return-of-kings,HAWK-ARS-01/_workspace/01_Singles/05_return-of-kings/data/metadata.json
politicians,Politicians,HAWK-SG-06,0.69,"Digital download of “Politicians"" by Hawk Eye The Rapper.",01_Singles,https://assets.omniversalmedia.shop/lyric-arsenal/images/covers/HAWK-SG-06/album_art.png,https://assets.omniversalmedia.shop/lyric-arsenal/audio/HAWK-SG-06/politicians.mp3,HAWK-SG-06,01_Singles,6,politicians,HAWK-ARS-01/_workspace/01_Singles/06_politicians/data/metadata.json
the-vow,The Vow,HAWK-SG-07,0.69,Digital download of “The Vow” by Hawk Eye The Rapper.,01_Singles,https://assets.omniversalmedia.vip/src/images/HAWK-SG-07/album_art.png,https://assets.omniversalmedia.vip/src/audio/HAWK-SG-07/the_vow.mp3,HAWK-SG-07,01_Singles,7,the-vow,HAWK-ARS-01/_workspace/01_Singles/07_the-vow/data/metadata.json
swordfish,Swordfish,HAWK-FD-01,0.69,"Digital download of ""Swordfish"" by Hawk Eye The Rapper.",01_Full_Disclosure,https://assets.omniversalmedia.shop/lyric-arsenal/images/covers/HAWK-FD-01/album_art.png,https://assets.omniversalmedia.shop/lyric-arsenal/audio/HAWK-FD-01/swordfish.mp3,HAWK-FD-01,01_Full_Disclosure,1,swordfish,HAWK-ARS-02/_workspace/01_Full_Disclosure/01_swordfish/data/metadata.json
mic-check,Mic Check,HAWK-FD-02,0.69,"Digital download of ""Mic Check"" by Hawk Eye The Rapper.",01_Full_Disclosure,https://assets.omniversalmedia.shop/lyric-arsenal/images/covers/HAWK-FD-02/album_art.png,https://assets.omniversalmedia.shop/lyric-arsenal/audio/HAWK-FD-02/mic_check.mp3,HAWK-FD-02,01_Full_Disclosure,2,mic-check,HAWK-ARS-02/_workspace/01_Full_Disclosure/02_mic-check/data/metadata.json
shakur,Shakur,HAWK-FD-03,0.69,"Digital download of ""Shakur"" by Hawk Eye The Rapper.",01_Full_Disclosure,https://assets.omniversalmedia.shop/lyric-arsenal/images/covers/HAWK-FD-03/album_art.png,https://assets.omniversalmedia.shop/lyric-arsenal/audio/HAWK-FD-03/shakur.mp3,HAWK-FD-03,01_Full_Disclosure,3,shakur,HAWK-ARS-02/_workspace/01_Full_Disclosure/03_shakur/data/metadata.json
last-one-left,Last One Left,HAWK-FD-04,0.69,"Digital download of ""Last One Left"" by Hawk Eye The Rapper.",01_Full_Disclosure,https://assets.omniversalmedia.shop/lyric-arsenal/images/covers/HAWK-FD-04/album_art.png,https://assets.omniversalmedia.shop/lyric-arsenal/audio/HAWK-FD-04/last_one_left.mp3,HAWK-FD-04,01_Full_Disclosure,4,last-one-left,HAWK-ARS-02/_workspace/01_Full_Disclosure/04_last-one-left/data/metadata.json
full-disclosure,Full Disclosure,HAWK-FD-05,0.69,"Digital download of ""Full Disclosure"" by Hawk Eye The Rapper.",01_Full_Disclosure,https://assets.omniversalmedia.shop/lyric-arsenal/images/covers/HAWK-FD-05/album_art.png,https://assets.omniversalmedia.shop/lyric-arsenal/audio/HAWK-FD-05/full_disclosure.mp3,HAWK-FD-05,01_Full_Disclosure,5,full-disclosure,HAWK-ARS-02/_workspace/01_Full_Disclosure/05_full-disclosure/data/metadata.json
lifted,Lifted,HAWK-FD-06,0.69,"Digital download of ""Lifted"" by Hawk Eye The Rapper.",01_Full_Disclosure,https://assets.omniversalmedia.shop/lyric-arsenal/images/covers/HAWK-FD-06/album_art.png,https://assets.omniversalmedia.shop/lyric-arsenal/audio/HAWK-FD-06/lifted.mp3,HAWK-FD-06,01_Full_Disclosure,6,lifted,HAWK-ARS-02/_workspace/01_Full_Disclosure/06_lifted/data/metadata.json
fuck-society,Fuck Society,HAWK-FD-07,0.69,"Digital download of ""Fuck Society"" by Hawk Eye The Rapper.",01_Full_Disclosure,https://assets.omniversalmedia.shop/lyric-arsenal/images/covers/HAWK-FD-07/album_art.png,https://assets.omniversalmedia.shop/lyric-arsenal/audio/HAWK-FD-07/fuck_society.mp3,HAWK-FD-07,01_Full_Disclosure,7,fuck-society,HAWK-ARS-02/_workspace/01_Full_Disclosure/07_fuck-society/data/metadata.json
ashes,Ashes,HAWK-FD-08,0.69,"Digital download of ""Ashes"" by Hawk Eye The Rapper.",01_Full_Disclosure,https://assets.omniversalmedia.shop/lyric-arsenal/images/covers/HAWK-FD-08/album_art.png,https://assets.omniversalmedia.shop/lyric-arsenal/audio/HAWK-FD-08/ashes.mp3,HAWK-FD-08,01_Full_Disclosure,8,ashes,HAWK-ARS-02/_workspace/01_Full_Disclosure/08_ashes/data/metadata.json
haunted,Haunted,HAWK-FD-09,0.69,"Digital download of “Haunted"" by Hawk Eye The Rapper.",01_Full_Disclosure,https://assets.omniversalmedia.shop/lyric-arsenal/images/covers/HAWK-FD-09/album_art.png,https://assets.omniversalmedia.shop/lyric-arsenal/audio/HAWK-FD-09/haunted.mp3,HAWK-FD-09,01_Full_Disclosure,9,haunted,HAWK-ARS-02/_workspace/01_Full_Disclosure/09_haunted/data/metadata.json
monumental,Monumental,HAWK-FD-10,0.69,"Digital download of ""Monumental"" by Hawk Eye The Rapper.",01_Full_Disclosure,https://assets.omniversalmedia.shop/lyric-arsenal/images/covers/HAWK-FD-10/album_art.png,https://assets.omniversalmedia.shop/lyric-arsenal/audio/HAWK-FD-10/monumental.mp3,HAWK-FD-10,01_Full_Disclosure,10,monumental,HAWK-ARS-02/_workspace/01_Full_Disclosure/10_monumental/data/metadata.json
trafficked,Trafficked,HAWK-FD-11,0.69,"Digital download of ""Trafficked"" by Hawk Eye The Rapper.",01_Full_Disclosure,https://assets.omniversalmedia.shop/lyric-arsenal/images/covers/HAWK-FD-11/album_art.png,https://assets.omniversalmedia.shop/lyric-arsenal/audio/HAWK-FD-11/trafficked.mp3,HAWK-FD-11,01_Full_Disclosure,11,trafficked,HAWK-ARS-02/_workspace/01_Full_Disclosure/11_trafficked/data/metadata.json
trafficked-web,Trafficked Web,HAWK-FD-11,0.69,"Digital download of ""Trafficked"" by Hawk Eye The Rapper.",01_Full_Disclosure,https://assets.omniversalmedia.shop/lyric-arsenal/images/covers/HAWK-FD-11/album_art.png,https://assets.omniversalmedia.shop/lyric-arsenal/audio/HAWK-FD-11/trafficked.mp3,HAWK-FD-11,01_Full_Disclosure,11,trafficked-web,HAWK-ARS-02/_workspace/01_Full_Disclosure/11_trafficked-web/data/metadata.json
hocus-pocus,Hocus Pocus,HAWK-FD-12,0.69,"Digital download of ""Hocus Pocus"" by Hawk Eye The Rapper.",01_Full_Disclosure,https://assets.omniversalmedia.shop/lyric-arsenal/images/covers/HAWK-FD-12/album_art.png,https://assets.omniversalmedia.shop/lyric-arsenal/audio/HAWK-FD-12/hocus_pocus.mp3,HAWK-FD-12,01_Full_Disclosure,12,hocus-pocus,HAWK-ARS-02/_workspace/01_Full_Disclosure/12_hocus-pocus/data/metadata.json
syntax,Syntax,HAWK-FD-13,0.69,"Digital download of ""Syntax"" by Hawk Eye The Rapper.",01_Full_Disclosure,https://assets.omniversalmedia.shop/lyric-arsenal/images/covers/HAWK-FD-13/album_art.png,https://assets.omniversalmedia.shop/lyric-arsenal/audio/HAWK-FD-13/syntax.mp3,HAWK-FD-13,01_Full_Disclosure,13,syntax,HAWK-ARS-02/_workspace/01_Full_Disclosure/13_syntax/data/metadata.json
stay-real,Stay Real,HAWK-FD-14,0.69,"Digital download of ""Stay Real"" by Hawk Eye The Rapper.",01_Full_Disclosure,https://assets.omniversalmedia.shop/lyric-arsenal/images/covers/HAWK-FD-14/album_art.png,https://assets.omniversalmedia.shop/lyric-arsenal/audio/HAWK-FD-14/stay_real.mp3,HAWK-FD-14,01_Full_Disclosure,14,stay-real,HAWK-ARS-02/_workspace/01_Full_Disclosure/14_stay-real/data/metadata.json
the-story-of-our-former-glory,The Story Of Our Former Glory,HAWK-FD-15,0.69,Digital download of “The Story Of Our Former Glory” by Hawk Eye The Rapper.,01_Full_Disclosure,https://assets.omniversalmedia.shop/lyric-arsenal/images/covers/HAWK-FD-15/album_art.png,https://assets.omniversalmedia.shop/lyric-arsenal/audio/HAWK-FD-15/the_story_of_our_former_glory.mp3,HAWK-FD-15,01_Full_Disclosure,15,the-story-of-our-former-glory,HAWK-ARS-02/_workspace/01_Full_Disclosure/15_the-story-of-our-former-glory/data/metadata.json
warning-shots,Warning Shots,HAWK-BAP-01,0.69,"Digital download of ""Warning Shots"" by Hawk Eye The Rapper.",02_Behold_A_Pale_Horse,https://assets.omniversalmedia.shop/lyric-arsenal/images/covers/HAWK-BAP-01/album_art.png,https://assets.omniversalmedia.shop/lyric-arsenal/audio/HAWK-BAP-01/warning_shots.mp3,HAWK-BAP-01,02_Behold_A_Pale_Horse,1,warning-shots,HAWK-ARS-02/_workspace/02_Behold_A_Pale_Horse/01_warning-shots/data/metadata.json
warning-shots-checkpoint,Warning Shots-Checkpoint,HAWK-BAP-01,0.69,"Digital download of ""Warning Shots"" by Hawk Eye The Rapper.",02_Behold_A_Pale_Horse,https://assets.omniversalmedia.shop/lyric-arsenal/images/covers/HAWK-BAP-01/album_art.png,https://assets.omniversalmedia.shop/lyric-arsenal/audio/HAWK-BAP-01/warning_shots.mp3,HAWK-BAP-01,02_Behold_A_Pale_Horse,1,warning-shots-checkpoint,HAWK-ARS-02/_workspace/02_Behold_A_Pale_Horse/01_warning-shots-checkpoint/data/metadata.json
behold-a-pale-horse,Behold A Pale Horse,HAWK-BAP-02,0.69,"Digital download of ""Behold A Pale Horse"" by Hawk Eye The Rapper.",02_Behold_A_Pale_Horse,https://assets.omniversalmedia.shop/lyric-arsenal/images/covers/HAWK-BAP-02/album_art.png,https://assets.omniversalmedia.shop/lyric-arsenal/audio/HAWK-BAP-02/behold_a_pale_horse.mp3,HAWK-BAP-02,02_Behold_A_Pale_Horse,2,behold-a-pale-horse,HAWK-ARS-02/_workspace/02_Behold_A_Pale_Horse/02_behold-a-pale-horse/data/metadata.json
kamikaze,Kamikaze,HAWK-BAP-03,0.69,"Digital download of ""Kamikaze"" by Hawk Eye The Rapper.",02_Behold_A_Pale_Horse,https://assets.omniversalmedia.shop/lyric-arsenal/images/covers/HAWK-BAP-03/album_art.png,https://assets.omniversalmedia.shop/lyric-arsenal/audio/HAWK-BAP-03/kamikaze.mp3,HAWK-BAP-03,02_Behold_A_Pale_Horse,3,kamikaze,HAWK-ARS-02/_workspace/02_Behold_A_Pale_Horse/03_kamikaze/data/metadata.json
whistleblower,Whistleblower,HAWK-BAP-04,0.69,"Digital download of ""Whistle Blower"" by Hawk Eye The Rapper.",02_Behold_A_Pale_Horse,https://assets.omniversalmedia.shop/lyric-arsenal/images/covers/HAWK-BAP-04/album_art.png,https://assets.omniversalmedia.shop/lyric-arsenal/audio/HAWK-BAP-04/whistle_blower.mp3,HAWK-BAP-04,02_Behold_A_Pale_Horse,4,whistleblower,HAWK-ARS-02/_workspace/02_Behold_A_Pale_Horse/04_whistleblower/data/metadata.json
superstitions,Superstitions,HAWK-BAP-05,0.69,"Digital download of ""Scripture"" by Hawk Eye The Rapper.",02_Behold_A_Pale_Horse,https://assets.omniversalmedia.shop/lyric-arsenal/images/covers/HAWK-BAP-05/album_art.png,https://assets.omniversalmedia.shop/lyric-arsenal/audio/HAWK-BAP-05/scripture.mp3,HAWK-BAP-05,02_Behold_A_Pale_Horse,5,superstitions,HAWK-ARS-02/_workspace/02_Behold_A_Pale_Horse/05_superstitions/data/metadata.json
scripture,Scripture,HAWK-BAP-06,0.69,"Digital download of ""Superstitions"" by Hawk Eye The Rapper.",02_Behold_A_Pale_Horse,https://assets.omniversalmedia.shop/lyric-arsenal/images/covers/HAWK-BAP-06/album_art.png,https://assets.omniversalmedia.shop/lyric-arsenal/audio/HAWK-BAP-06/superstitions.mp3,HAWK-BAP-06,02_Behold_A_Pale_Horse,6,scripture,HAWK-ARS-02/_workspace/02_Behold_A_Pale_Horse/06_scripture/data/metadata.json
menace-to-society,Menace To Society,HAWK-BAP-07,0.69,"Digital download of ""Menace To Society"" by Hawk Eye The Rapper.",02_Behold_A_Pale_Horse,https://assets.omniversalmedia.shop/lyric-arsenal/images/covers/HAWK-BAP-07/album_art.png,https://assets.omniversalmedia.shop/lyric-arsenal/audio/HAWK-BAP-07/menace_to_society.mp3,HAWK-BAP-07,02_Behold_A_Pale_Horse,7,menace-to-society,HAWK-ARS-02/_workspace/02_Behold_A_Pale_Horse/07_menace-to-society/data/metadata.json
semi-automatic,Semi-Automatic,HAWK-BAP-08,0.69,"Digital download of ""Semi Automatic"" by Hawk Eye The Rapper.",02_Behold_A_Pale_Horse,https://assets.omniversalmedia.shop/lyric-arsenal/images/covers/HAWK-BAP-08/album_art.png,https://assets.omniversalmedia.shop/lyric-arsenal/audio/HAWK-BAP-08/semi_automatic.mp3,HAWK-BAP-08,02_Behold_A_Pale_Horse,8,semi-automatic,HAWK-ARS-02/_workspace/02_Behold_A_Pale_Horse/08_semi-automatic/data/metadata.json
reverse-this-curse,Reverse This Curse,HAWK-BAP-09,0.69,"Digital download of ""Reverse This Curse"" by Hawk Eye The Rapper.",02_Behold_A_Pale_Horse,https://assets.omniversalmedia.shop/lyric-arsenal/images/covers/HAWK-BAP-09/album_art.png,https://assets.omniversalmedia.shop/lyric-arsenal/audio/HAWK-BAP-09/reverse_this_curse.mp3,HAWK-BAP-09,02_Behold_A_Pale_Horse,9,reverse-this-curse,HAWK-ARS-02/_workspace/02_Behold_A_Pale_Horse/09_reverse-this-curse/data/metadata.json
kt,Kt,HAWK-BAP-10,0.69,"Digital download of ""K T"" by Hawk Eye The Rapper.",02_Behold_A_Pale_Horse,https://assets.omniversalmedia.shop/lyric-arsenal/images/covers/HAWK-BAP-10/album_art.png,https://assets.omniversalmedia.shop/lyric-arsenal/audio/HAWK-BAP-10/kt.mp3,HAWK-BAP-10,02_Behold_A_Pale_Horse,10,kt,HAWK-ARS-02/_workspace/02_Behold_A_Pale_Horse/10_kt/data/metadata.json
the-story-celebrated-throughout-time,The Story Celebrated Throughout Time,HAWK-BAP-11,0.69,Digital download of “The Story Celebrated Throughout Time” by Hawk Eye The Rapper.,02_Behold_A_Pale_Horse,https://assets.omniversalmedia.shop/lyric-arsenal/images/covers/HAWK-BAP-11/album_art.png,https://assets.omniversalmedia.shop/lyric-arsenal/audio/HAWK-BAP-11/the_story_celebrated_throughout_time.mp3,HAWK-BAP-11,02_Behold_A_Pale_Horse,11,the-story-celebrated-throughout-time,HAWK-ARS-02/_workspace/02_Behold_A_Pale_Horse/11_the-story-celebrated-throughout-time/data/metadata.json
soft-disclosure,Soft Disclosure,HAWK-M-01,0.69,"Digital download of ""Soft Disclosure"" by Hawk Eye The Rapper.",03_MiLabs,https://assets.omniversalmedia.shop/lyric-arsenal/images/covers/HAWK-M-01/album_art.png,https://assets.omniversalmedia.shop/lyric-arsenal/audio/HAWK-M-01/soft_disclosure.mp3,HAWK-M-01,03_MiLabs,1,soft-disclosure,HAWK-ARS-02/_workspace/03_MiLabs/01_soft-disclosure/data/metadata.json
abreactions,Abreactions,HAWK-M-02,0.69,"Digital download of ""Abreactions"" by Hawk Eye The Rapper.",03_MiLabs,https://assets.omniversalmedia.shop/lyric-arsenal/images/covers/HAWK-M-02/album_art.png,https://assets.omniversalmedia.shop/lyric-arsenal/audio/HAWK-M-02/abreactions.mp3,HAWK-M-02,03_MiLabs,2,abreactions,HAWK-ARS-02/_workspace/03_MiLabs/02_abreactions/data/metadata.json
eyes-wide-open,Eyes Wide Open,HAWK-M-03,0.69,"Digital download of ""Eyes Wide Open"" by Hawk Eye The Rapper.",03_MiLabs,https://assets.omniversalmedia.shop/lyric-arsenal/images/covers/HAWK-M-03/album_art.png,https://assets.omniversalmedia.shop/lyric-arsenal/audio/HAWK-M-03/eyes_wide_open.mp3,HAWK-M-03,03_MiLabs,3,eyes-wide-open,HAWK-ARS-02/_workspace/03_MiLabs/03_eyes-wide-open/data/metadata.json
delta-squad,Delta Squad,HAWK-M-04,0.69,"Digital download of ""Delta Squad"" by Hawk Eye The Rapper.",03_MiLabs,https://assets.omniversalmedia.shop/lyric-arsenal/images/covers/HAWK-M-04/album_art.png,https://assets.omniversalmedia.shop/lyric-arsenal/audio/HAWK-M-04/delta_squad.mp3,HAWK-M-04,03_MiLabs,4,delta-squad,HAWK-ARS-02/_workspace/03_MiLabs/04_delta-squad/data/metadata.json
implants,Implants,HAWK-M-05,0.69,"Digital download of ""Implants"" by Hawk Eye The Rapper.",03_MiLabs,https://assets.omniversalmedia.shop/lyric-arsenal/images/covers/HAWK-M-05/album_art.png,https://assets.omniversalmedia.shop/lyric-arsenal/audio/HAWK-M-05/implants.mp3,HAWK-M-05,03_MiLabs,5,implants,HAWK-ARS-02/_workspace/03_MiLabs/05_implants/data/metadata.json
illuminati,Illuminati,HAWK-M-06,0.69,"Digital download of ""Illuminati"" by Hawk Eye The Rapper.",03_MiLabs,https://assets.omniversalmedia.shop/lyric-arsenal/images/covers/HAWK-M-06/album_art.png,https://assets.omniversalmedia.shop/lyric-arsenal/audio/HAWK-M-06/illuminati.mp3,HAWK-M-06,03_MiLabs,6,illuminati,HAWK-ARS-02/_workspace/03_MiLabs/06_illuminati/data/metadata.json
fema,Fema,HAWK-M-07,0.69,"Digital download of ""Fema"" by Hawk Eye The Rapper.",03_MiLabs,https://assets.omniversalmedia.shop/lyric-arsenal/images/covers/HAWK-M-07/album_art.png,https://assets.omniversalmedia.shop/lyric-arsenal/audio/HAWK-M-07/fema.mp3,HAWK-M-07,03_MiLabs,7,fema,HAWK-ARS-02/_workspace/03_MiLabs/07_fema/data/metadata.json
the-antidote,The Antidote,HAWK-M-08,0.69,"Digital download of ""Antidote"" by Hawk Eye The Rapper.",03_MiLabs,https://assets.omniversalmedia.shop/lyric-arsenal/images/covers/HAWK-M-08/album_art.png,https://assets.omniversalmedia.shop/lyric-arsenal/audio/HAWK-M-08/the_antidote.mp3,HAWK-M-08,03_MiLabs,8,the-antidote,HAWK-ARS-02/_workspace/03_MiLabs/08_the-antidote/data/metadata.json
avalanche,Avalanche,HAWK-M-09,0.69,"Digital download of ""Avalanche"" by Hawk Eye The Rapper.",03_MiLabs,https://assets.omniversalmedia.shop/lyric-arsenal/images/covers/HAWK-M-09/album_art.png,https://assets.omniversalmedia.shop/lyric-arsenal/audio/HAWK-M-09/avalanche.mp3,HAWK-M-09,03_MiLabs,9,avalanche,HAWK-ARS-02/_workspace/03_MiLabs/09_avalanche/data/metadata.json
artificial-intelligence,Artificial Intelligence,HAWK-M-10,0.69,"Digital download of ""Artificial Intelligence"" by Hawk Eye The Rapper.",03_MiLabs,https://assets.omniversalmedia.shop/lyric-arsenal/images/covers/HAWK-M-10/album_art.png,https://assets.omniversalmedia.shop/lyric-arsenal/audio/HAWK-M-10/artificial_intelligence.mp3,HAWK-M-10,03_MiLabs,10,artificial-intelligence,HAWK-ARS-02/_workspace/03_MiLabs/10_artificial-intelligence/data/metadata.json
legion,Legion,HAWK-M-11,0.69,"Digital download of ""Legion"" by Hawk Eye The Rapper.",03_MiLabs,https://assets.omniversalmedia.shop/lyric-arsenal/images/covers/HAWK-M-11/album_art.png,https://assets.omniversalmedia.shop/lyric-arsenal/audio/HAWK-M-11/legion.mp3,HAWK-M-11,03_MiLabs,11,legion,HAWK-ARS-02/_workspace/03_MiLabs/11_legion/data/metadata.json
when-my-elites-surround,When My Elites Surround,HAWK-M-12,0.69,"Digital download of ""When My Elites Surround"" by Hawk Eye The Rapper.",03_MiLabs,https://assets.omniversalmedia.shop/lyric-arsenal/images/covers/HAWK-M-12/album_art.png,https://assets.omniversalmedia.shop/lyric-arsenal/audio/HAWK-M-12/when_my_elites_surround.mp3,HAWK-M-12,03_MiLabs,12,when-my-elites-surround,HAWK-ARS-02/_workspace/03_MiLabs/12_when-my-elites-surround/data/metadata.json
reincarnated-2-resist,Reincarnated 2 Resist,HAWK-M-13,0.69,"Digital download of ""Reincarnated 2 Resist"" by Hawk Eye The Rapper.",03_MiLabs,https://assets.omniversalmedia.shop/lyric-arsenal/images/covers/HAWK-M-13/album_art.png,https://assets.omniversalmedia.shop/lyric-arsenal/audio/HAWK-M-13/reincarnated_2_resist.mp3,HAWK-M-13,03_MiLabs,13,reincarnated-2-resist,HAWK-ARS-02/_workspace/03_MiLabs/13_reincarnated-2-resist/data/metadata.json
malicious,Malicious,HAWK-ME-01,0.69,"Digital download of “Malicious"" by Hawk Eye The Rapper.",01_Malicious_EP,https://assets.omniversalmedia.shop/lyric-arsenal/images/covers/HAWK-ME-01/album_art.png,https://assets.omniversalmedia.shop/lyric-arsenal/audio/HAWK-ME-01/malicious.mp3,HAWK-ME-01,01_Malicious_EP,1,malicious,HAWK-ARS-03/_workspace/01_Malicious_EP/01_malicious/data/metadata.json
gang-shit,Gang Shit,HAWK-ME-02,0.69,"Digital download of “Gang Shitt"" by Hawk Eye The Rapper.",01_Malicious_EP,https://assets.omniversalmedia.shop/lyric-arsenal/images/covers/HAWK-ME-02/album_art.png,https://assets.omniversalmedia.shop/lyric-arsenal/audio/HAWK-ME-02/gang_shit.mp3,HAWK-ME-02,01_Malicious_EP,2,gang-shit,HAWK-ARS-03/_workspace/01_Malicious_EP/02_gang-shit/data/metadata.json
the-motherfucking-problem,The Motherfucking Problem,HAWK-ME-03,0.69,Digital download of “The Motherfucker Problem” by Hawk Eye The Rapper.,01_Malicious_EP,https://assets.omniversalmedia.shop/lyric-arsenal/images/covers/HAWK-ME-03/album_art.png,https://assets.omniversalmedia.shop/lyric-arsenal/audio/HAWK-ME-03/the_motherfucking_problem.mp3,HAWK-ME-03,01_Malicious_EP,3,the-motherfucking-problem,HAWK-ARS-03/_workspace/01_Malicious_EP/03_the-motherfucking-problem/data/metadata.json
im-him,Im Him,HAWK-ME-04,0.69,Digital download of “Forgot I’m Him” by Hawk Eye The Rapper.,01_Malicious_EP,https://assets.omniversalmedia.shop/lyric-arsenal/images/covers/HAWK-ME-04/album_art.png,https://assets.omniversalmedia.shop/lyric-arsenal/audio/HAWK-ME-04/im_him.mp3,HAWK-ME-04,01_Malicious_EP,4,im-him,HAWK-ARS-03/_workspace/01_Malicious_EP/04_im-him/data/metadata.json
psychological-warfare,Psychological Warfare,HAWK-SB-01,0.69,"Digital download of ""Psychological Warfare"" by Hawk Eye The Rapper.",02_Shadow_Banned,https://assets.omniversalmedia.shop/lyric-arsenal/images/covers/HAWK-SB-01/album_art.png,https://assets.omniversalmedia.shop/lyric-arsenal/audio/HAWK-SB-01/psychological_warfare.mp3,HAWK-SB-01,02_Shadow_Banned,1,psychological-warfare,HAWK-ARS-03/_workspace/02_Shadow_Banned/01_psychological-warfare/data/metadata.json
down-the-rabbit-hole,Down The Rabbit Hole,HAWK-SB-02,0.69,"Digital download of ""Down The Rabbit Hole"" by Hawk Eye The Rapper.",02_Shadow_Banned,https://assets.omniversalmedia.shop/lyric-arsenal/images/covers/HAWK-SB-02/album_art.png,https://assets.omniversalmedia.shop/lyric-arsenal/audio/HAWK-SB-02/down_the_rabbit_hole.mp3,HAWK-SB-02,02_Shadow_Banned,2,down-the-rabbit-hole,HAWK-ARS-03/_workspace/02_Shadow_Banned/02_down-the-rabbit-hole/data/metadata.json
domestic-terrorist,Domestic Terrorist,HAWK-SB-03,0.69,"Digital download of ""Domestic Terrorist"" by Hawk Eye The Rapper.",02_Shadow_Banned,https://assets.omniversalmedia.shop/lyric-arsenal/images/covers/HAWK-SB-03/album_art.png,https://assets.omniversalmedia.shop/lyric-arsenal/audio/HAWK-SB-03/domestic_terrorist.mp3,HAWK-SB-03,02_Shadow_Banned,3,domestic-terrorist,HAWK-ARS-03/_workspace/02_Shadow_Banned/03_domestic-terrorist/data/metadata.json
relentless,Relentless,HAWK-SB-04,0.69,"Digital download of ""Relentless"" by Hawk Eye The Rapper.",02_Shadow_Banned,https://assets.omniversalmedia.shop/lyric-arsenal/images/covers/HAWK-SB-04/album_art.png,https://assets.omniversalmedia.shop/lyric-arsenal/audio/HAWK-SB-04/relentless.mp3,HAWK-SB-04,02_Shadow_Banned,4,relentless,HAWK-ARS-03/_workspace/02_Shadow_Banned/04_relentless/data/metadata.json
never-heard-of-me,Never Heard Of Me,HAWK-SB-05,0.69,"Digital download of ""Never Heard Of Me"" by Hawk Eye The Rapper.",02_Shadow_Banned,https://assets.omniversalmedia.shop/lyric-arsenal/images/covers/HAWK-SB-05/album_art.png,https://assets.omniversalmedia.shop/lyric-arsenal/audio/HAWK-SB-05/never_heard_of_me.mp3,HAWK-SB-05,02_Shadow_Banned,5,never-heard-of-me,HAWK-ARS-03/_workspace/02_Shadow_Banned/05_never-heard-of-me/data/metadata.json
spiteful-poetry,Spiteful Poetry,HAWK-SB-06,0.69,"Digital download of ""Spiteful Poetry"" by Hawk Eye The Rapper.",02_Shadow_Banned,https://assets.omniversalmedia.shop/lyric-arsenal/images/covers/HAWK-SB-06/album_art.png,https://assets.omniversalmedia.shop/lyric-arsenal/audio/HAWK-SB-06/spiteful_poetry.mp3,HAWK-SB-06,02_Shadow_Banned,6,spiteful-poetry,HAWK-ARS-03/_workspace/02_Shadow_Banned/06_spiteful-poetry/data/metadata.json
devils-in-the-details,Devils In The Details,HAWK-SB-07,0.69,"Digital download of “The Devil’s In The Details"" by Hawk Eye The Rapper.",02_Shadow_Banned,https://assets.omniversalmedia.shop/lyric-arsenal/images/covers/HAWK-SB-07/album_art.png,https://assets.omniversalmedia.shop/lyric-arsenal/audio/HAWK-SB-07/the_devils_in_the_details.mp3,HAWK-SB-07,02_Shadow_Banned,7,devils-in-the-details,HAWK-ARS-03/_workspace/02_Shadow_Banned/07_devils-in-the-details/data/metadata.json
the-game,The Game,HAWK-SB-08,0.69,"Digital download of “The Game"" by Hawk Eye The Rapper.",02_Shadow_Banned,https://assets.omniversalmedia.shop/lyric-arsenal/images/covers/HAWK-SB-08/album_art.png,https://assets.omniversalmedia.shop/lyric-arsenal/audio/HAWK-SB-08/the_game.mp3,HAWK-SB-08,02_Shadow_Banned,8,the-game,HAWK-ARS-03/_workspace/02_Shadow_Banned/08_the-game/data/metadata.json
the-shadow-is-rising,The Shadow Is Rising,HAWK-SB-09,0.69,"Digital download of ""Shadow Is Rising"" by Hawk Eye The Rapper.",02_Shadow_Banned,https://assets.omniversalmedia.shop/lyric-arsenal/images/covers/HAWK-SB-09/album_art.png,https://assets.omniversalmedia.shop/lyric-arsenal/audio/HAWK-SB-09/the_shadow_is_rising.mp3,HAWK-SB-09,02_Shadow_Banned,9,the-shadow-is-rising,HAWK-ARS-03/_workspace/02_Shadow_Banned/09_the-shadow-is-rising/data/metadata.json
when-shit-gets-real,When Shit Gets Real,HAWK-SB-10,0.69,"Digital download of ""When Shit Gets Real"" by Hawk Eye The Rapper.",02_Shadow_Banned,https://assets.omniversalmedia.shop/lyric-arsenal/images/covers/HAWK-SB-10/album_art.png,https://assets.omniversalmedia.shop/lyric-arsenal/audio/HAWK-SB-10/when_shit_gets_real.mp3,HAWK-SB-10,02_Shadow_Banned,10,when-shit-gets-real,HAWK-ARS-03/_workspace/02_Shadow_Banned/10_when-shit-gets-real/data/metadata.json
synthesis,Synthesis,HAWK-SB-11,0.69,"Digital download of ""Synthesis"" by Hawk Eye The Rapper.",02_Shadow_Banned,https://assets.omniversalmedia.shop/lyric-arsenal/images/covers/HAWK-SB-11/album_art.png,https://assets.omniversalmedia.shop/lyric-arsenal/audio/HAWK-SB-11/synthesis.mp3,HAWK-SB-11,02_Shadow_Banned,11,synthesis,HAWK-ARS-03/_workspace/02_Shadow_Banned/11_synthesis/data/metadata.json
invokation,Invokation,HAWK-SB-12,0.69,"Digital download of ""Invokation"" by Hawk Eye The Rapper.",02_Shadow_Banned,https://assets.omniversalmedia.shop/lyric-arsenal/images/covers/HAWK-SB-12/album_art.png,https://assets.omniversalmedia.shop/lyric-arsenal/audio/HAWK-SB-12/invokation.mp3,HAWK-SB-12,02_Shadow_Banned,12,invokation,HAWK-ARS-03/_workspace/02_Shadow_Banned/12_invokation/data/metadata.json
krystal-klear,Krystal Klear,HAWK-SB-13,0.69,"Digital download of ""Krystal Klear"" by Hawk Eye The Rapper.",02_Shadow_Banned,https://assets.omniversalmedia.shop/lyric-arsenal/images/covers/HAWK-SB-13/album_art.png,https://assets.omniversalmedia.shop/lyric-arsenal/audio/HAWK-SB-13/krystal_klear.mp3,HAWK-SB-13,02_Shadow_Banned,13,krystal-klear,HAWK-ARS-03/_workspace/02_Shadow_Banned/13_krystal-klear/data/metadata.json
full-disclosure-cd,Full Disclosure (CD),CD-HAWK-FD,14.99 USD,Physical CD. Tracklist: 1. Swordfish; 2. Mic Check; 3. Shakur; 4. Last One Left; 5. Full Disclosure; 6. Lifted; 7. Fuck Society; 8. Ashes; 9. Haunted; 10. Monumental; 11. Trafficked; 12. Hocus Pocus; 13. Syntax; 14. Stay Real; 15. The Story Of Our Former Glory,CD,https://assets.omniversalmedia.shop/lyric-arsenal/images/covers/HAWK-FD-01/album_art.png,,HAWK-FD,01_Full_Disclosure,,full-disclosure-cd,
malicious-ep-cd,Malicious EP (CD),CD-HAWK-ME,14.99 USD,Physical CD. Tracklist: 1. Malicious; 2. Gang Shit; 3. The Motherfucking Problem; 4. Im Him,CD,https://assets.omniversalmedia.shop/lyric-arsenal/images/covers/HAWK-ME-01/album_art.png,,HAWK-ME,01_Malicious_EP,,malicious-ep-cd,
singles-cd,Singles (CD),CD-HAWK-SG,14.99 USD,Physical CD. Tracklist: 1. Will You Listen; 2. Psyops; 3. Incantations; 4. Mind Kontrol; 5. Return Of Kings; 6. Politicians; 7. The Vow,CD,https://assets.omniversalmedia.shop/lyric-arsenal/images/covers/HAWK-SG-01/album_art.png,,HAWK-SG,01_Singles,,singles-cd,
behold-a-pale-horse-cd,Behold A Pale Horse (CD),CD-HAWK-BAP,14.99 USD,Physical CD. Tracklist: 1. Warning Shots; 2. Behold A Pale Horse; 3. Kamikaze; 4. Whistleblower; 5. Superstitions; 6. Scripture; 7. Menace To Society; 8. Semi-Automatic; 9. Reverse This Curse; 10. Kt; 11. The Story Celebrated Throughout Time,CD,https://assets.omniversalmedia.shop/lyric-arsenal/images/covers/HAWK-BAP-01/album_art.png,,HAWK-BAP,02_Behold_A_Pale_Horse,,behold-a-pale-horse-cd,
shadow-banned-cd,Shadow Banned (CD),CD-HAWK-SB,14.99 USD,Physical CD. Tracklist: 1. Psychological Warfare; 2. Down The Rabbit Hole; 3. Domestic Terrorist; 4. Relentless; 5. Never Heard Of Me; 6. Spiteful Poetry; 7. Devils In The Details; 8. The Game; 9. The Shadow Is Rising; 10. When Shit Gets Real; 11. Synthesis; 12. Invokation; 13. Krystal Klear,CD,https://assets.omniversalmedia.shop/lyric-arsenal/images/covers/HAWK-SB-01/album_art.png,,HAWK-SB,02_Shadow_Banned,,shadow-banned-cd,
milabs-cd,MiLabs (CD),CD-HAWK-M,14.99 USD,Physical CD. Tracklist: 1. Soft Disclosure; 2. Abreactions; 3. Eyes Wide Open; 4. Delta Squad; 5. Implants; 6. Illuminati; 7. Fema; 8. The Antidote; 9. Avalanche; 10. Artificial Intelligence; 11. Legion; 12. When My Elites Surround; 13. Reincarnated 2 Resist,CD,https://assets.omniversalmedia.shop/lyric-arsenal/images/covers/HAWK-M-01/album_art.png,,HAWK-M,03_MiLabs,,milabs-cd,
hawk-vision-t-shirt,Hawk Vision T-Shirt,HE-001,25.0,T-shirt featuring a hawk's eye with musical notes in graffiti style. Color scheme: Black and Neon Green.,Hawk Eye The Rapper > Apparel,https://assets.omniversalmedia.vip/src/images/HE-001/Hawk_Vision_T-Shirt_front.png,,HE-001,,,hawk-vision-t-shirt,
graffiti-eye-long-sleeve,Graffiti Eye Long Sleeve,HE-002,30.0,Long sleeve shirt with Hawk Eye in bold graffiti across the chest. Color scheme: Gray and Red.,Hawk Eye The Rapper > Apparel,https://assets.omniversalmedia.vip/src/images/HE-002/Graffiti_Eye_Long_Sleeve_front.png,,HE-002,,,graffiti-eye-long-sleeve,
visionary-lyrics-hoodie,Visionary Lyrics Hoodie,HE-003,50.0,Hoodie displaying stylized lyrics forming a hawk silhouette. Color scheme: Black and Gold.,Hawk Eye The Rapper > Apparel,https://assets.omniversalmedia.vip/src/images/HE-003/Visionary_Lyrics_Hoodie_front.png,,HE-003,,,visionary-lyrics-hoodie,
winged-mic-bomber-jacket,Winged Mic Bomber Jacket,HE-004,60.0,Bomber jacket with a winged microphone graphic on the back. Color scheme: Army Green and White.,Hawk Eye The Rapper > Apparel,https://assets.omniversalmedia.vip/src/images/HE-004/Winged_Mic_Bomber_Jacket_front.png,,HE-004,,,winged-mic-bomber-jacket,
hawk-emblem-jersey,Hawk Emblem Jersey,HE-005,45.0,Sports jersey featuring a hawk emblem and number print. Color scheme: Black and Orange.,Hawk Eye The Rapper > Apparel,https://assets.omniversalmedia.vip/src/images/HE-005/Hawk_Emblem_Jersey_front.png,,HE-005,,,hawk-emblem-jersey,
urban-camo-snapback-cap,Urban Camo Snapback Cap,HE-006,30.0,Camouflage-pattern snapback cap with hawk logo embroidery. Color scheme: Green Camo and Black.,Hawk Eye The Rapper > Accessories,https://assets.omniversalmedia.vip/src/images/HE-006/Urban_Camo_Snapback_Cap_front.png,,HE-006,,,urban-camo-snapback-cap,
eye-of-the-hawk-phone-case,Eye of the Hawk Phone Case,HE-007,15.0,Phone case featuring a close-up hawk eye graphic. Color scheme: Black and Yellow.,Hawk Eye The Rapper > Accessories,https://assets.omniversalmedia.vip/src/images/HE-007/Eye_of_the_Hawk_Phone_Case_front.png,,HE-007,,,eye-of-the-hawk-phone-case,
golden-hawk-keychain,Golden Hawk Keychain,HE-008,10.0,Metal keychain with a golden hawk emblem charm. Color scheme: Gold and Black.,Hawk Eye The Rapper > Accessories,https://assets.omniversalmedia.vip/src/images/HE-008/Golden_Hawk_Keychain_front.png,,HE-008,,,golden-hawk-keychain,
hawk-eye-enamel-pin,Hawk Eye Enamel Pin,HE-009,8.0,Enamel pin of the Hawk Eye logo for jackets or bags. Color scheme: Black and Silver.,Hawk Eye The Rapper > Accessories,https://assets.omniversalmedia.vip/src/images/HE-009/Hawk_Eye_Enamel_Pin_front.png,,HE-009,,,hawk-eye-enamel-pin,
eye-on-the-prize-wristband,Eye on the Prize Wristband,HE-010,5.0,Black silicone wristband debossed with Eye on the Prize motto. Color scheme: Black and White.,Hawk Eye The Rapper > Accessories,https://assets.omniversalmedia.vip/src/images/HE-010/Eye_on_the_Prize_Wristband_front.png,,HE-010,,,eye-on-the-prize-wristband,
graffiti-tag-poster,Graffiti Tag Poster,HE-011,15.0,Poster with Hawk Eye's name in vibrant graffiti lettering. Color scheme: Multicolor on Black.,Hawk Eye The Rapper > Posters,https://assets.omniversalmedia.vip/src/images/HE-011/Graffiti_Tag_Poster_front.png,,HE-011,,,graffiti-tag-poster,
city-skyline-hawk-poster,City Skyline Hawk Poster,HE-012,15.0,Art poster of a hawk flying over an urban city skyline at dusk. Color scheme: Orange and Purple.,Hawk Eye The Rapper > Posters,https://assets.omniversalmedia.vip/src/images/HE-012/City_Skyline_Hawk_Poster_front.png,,HE-012,,,city-skyline-hawk-poster,
winged-mic-art-poster,Winged Mic Art Poster,HE-013,20.0,Illustrated poster of a microphone with wings and music notes. Color scheme: Black and White.,Hawk Eye The Rapper > Posters,https://assets.omniversalmedia.vip/src/images/HE-013/Winged_Mic_Art_Poster_front.png,,HE-013,,,winged-mic-art-poster,
hawk-eye-logo-sticker,Hawk Eye Logo Sticker,HE-014,3.0,Die-cut sticker of the Hawk Eye logo in full color. Color scheme: Brown and Yellow.,Hawk Eye The Rapper > Stickers,https://assets.omniversalmedia.vip/src/images/HE-014/Hawk_Eye_Logo_Sticker_front.png,,HE-014,,,hawk-eye-logo-sticker,
street-graffiti-sticker,Street Graffiti Sticker,HE-015,3.0,Sticker mimicking a graffiti tag of Hawk Eye's name. Color scheme: Red and Black.,Hawk Eye The Rapper > Stickers,https://assets.omniversalmedia.vip/src/images/HE-015/Street_Graffiti_Sticker_front.png,,HE-015,,,street-graffiti-sticker,
omniversal-logo-t-shirt,Omniversal Logo T-Shirt,OM-001,20.0,T-shirt with the Omniversal logo and a subtle galaxy background. Color scheme: Navy Blue and White.,Omniversal > Apparel,https://assets.omniversalmedia.vip/src/images/OM-001/Omniversal_Logo_T-Shirt_front.png,,OM-001,,,omniversal-logo-t-shirt,
galactic-dreams-t-shirt,Galactic Dreams T-Shirt,OM-002,25.0,Tee featuring a vibrant galaxy print with shooting stars. Color scheme: Black and Purple.,Omniversal > Apparel,https://assets.omniversalmedia.vip/src/images/OM-002/Galactic_Dreams_T-Shirt_front.png,,OM-002,,,galactic-dreams-t-shirt,
cosmic-unity-hoodie,Cosmic Unity Hoodie,OM-003,45.0,Hoodie displaying interconnected planets symbolizing unity. Color scheme: Dark Gray and Blue.,Omniversal > Apparel,https://assets.omniversalmedia.vip/src/images/OM-003/Cosmic_Unity_Hoodie_front.png,,OM-003,,,cosmic-unity-hoodie,
infinite-cosmos-long-sleeve,Infinite Cosmos Long Sleeve,OM-004,30.0,Long sleeve shirt with an infinite universe illustration on the back. Color scheme: Black and Teal.,Omniversal > Apparel,https://assets.omniversalmedia.vip/src/images/OM-004/Infinite_Cosmos_Long_Sleeve_front.png,,OM-004,,,infinite-cosmos-long-sleeve,
nebula-bomber-jacket,Nebula Bomber Jacket,OM-005,60.0,Bomber jacket featuring an all-over nebula cloud print. Color scheme: Purple and Pink.,Omniversal > Apparel,https://assets.omniversalmedia.vip/src/images/OM-005/Nebula_Bomber_Jacket_front.png,,OM-005,,,nebula-bomber-jacket,
galaxy-phone-case,Galaxy Phone Case,OM-006,15.0,Phone case with a colorful spiral galaxy design. Color scheme: Blue and Purple.,Omniversal > Accessories,https://assets.omniversalmedia.vip/src/images/OM-006/Galaxy_Phone_Case_front.png,,OM-006,,,galaxy-phone-case,
cosmic-coffee-mug,Cosmic Coffee Mug,OM-007,12.0,Ceramic mug printed with a starry night sky and Omniversal text. Color scheme: Black and Silver.,Omniversal > Accessories,https://assets.omniversalmedia.vip/src/images/OM-007/Cosmic_Coffee_Mug_front.png,,OM-007,,,cosmic-coffee-mug,
omniversal-logo-keychain,Omniversal Logo Keychain,OM-008,8.0,Acrylic keychain with the Omniversal emblem in full color. Color scheme: Blue and White.,Omniversal > Accessories,https://assets.omniversalmedia.vip/src/images/OM-008/Omniversal_Logo_Keychain_front.png,,OM-008,,,omniversal-logo-keychain,
celestial-canvas-tote-bag,Celestial Canvas Tote Bag,OM-009,15.0,Canvas tote bag printed with planets and stars artwork. Color scheme: Black and Multicolor.,Omniversal > Accessories,https://assets.omniversalmedia.vip/src/images/OM-009/Celestial_Canvas_Tote_Bag_front.png,,OM-009,,,celestial-canvas-tote-bag,
stardust-cap,Stardust Cap,OM-010,25.0,Black cap speckled with embroidered stars and Omniversal text. Color scheme: Black and White.,Omniversal > Accessories,https://assets.omniversalmedia.vip/src/images/OM-010/Stardust_Cap_front.png,,OM-010,,,stardust-cap,
omniversal-galaxy-poster,Omniversal Galaxy Poster,OM-011,15.0,Large poster showcasing a spiral galaxy with the Omniversal logo. Color scheme: Blue and Black.,Omniversal > Posters,https://assets.omniversalmedia.vip/src/images/OM-011/Omniversal_Galaxy_Poster_front.png,,OM-011,,,omniversal-galaxy-poster,
cosmic-mandala-poster,Cosmic Mandala Poster,OM-012,15.0,Poster of a mandala made of stars and planets. Color scheme: Purple and Gold.,Omniversal > Posters,https://assets.omniversalmedia.vip/src/images/OM-012/Cosmic_Mandala_Poster_front.png,,OM-012,,,cosmic-mandala-poster,
celestial-alignment-poster,Celestial Alignment Poster,OM-013,20.0,Artwork poster depicting planets aligned in a cosmic scene. Color scheme: Blue and Orange.,Omniversal > Posters,https://assets.omniversalmedia.vip/src/images/OM-013/Celestial_Alignment_Poster_front.png,,OM-013,,,celestial-alignment-poster,
omniversal-logo-sticker,Omniversal Logo Sticker,OM-014,3.0,Round sticker featuring the Omniversal logo and starfield background. Color scheme: Blue and White.,Omniversal > Stickers,https://assets.omniversalmedia.vip/src/images/OM-014/Omniversal_Logo_Sticker_front.png,,OM-014,,,omniversal-logo-sticker,
holographic-galaxy-sticker,Holographic Galaxy Sticker,OM-015,4.0,Holographic sticker with a mini galaxy and planets. Color scheme: Rainbow on Black.,Omniversal > Stickers,https://assets.omniversalmedia.vip/src/images/OM-015/Holographic_Galaxy_Sticker_front.png,,OM-015,,,holographic-galaxy-sticker,
phoenix-rebirth-t-shirt,Phoenix Rebirth T-Shirt,R2R-001,20.0,T-shirt featuring a fiery phoenix rising from ashes. Color scheme: Black and Orange.,Reincarnated2Resist > Apparel,https://assets.omniversalmedia.vip/src/images/R2R-001/Phoenix_Rebirth_T-Shirt_front.png,,R2R-001,,,phoenix-rebirth-t-shirt,
resist-forever-hoodie,Resist Forever Hoodie,R2R-002,45.0,Hoodie with bold RESIST text and flame accents. Color scheme: Black and Red.,Reincarnated2Resist > Apparel,https://assets.omniversalmedia.vip/src/images/R2R-002/Resist_Forever_Hoodie_front.png,,R2R-002,,,resist-forever-hoodie,
rebel-camo-jacket,Rebel Camo Jacket,R2R-003,50.0,Camouflage jacket adorned with the R2R emblem and patches. Color scheme: Green Camo and Black.,Reincarnated2Resist > Apparel,https://assets.omniversalmedia.vip/src/images/R2R-003/Rebel_Camo_Jacket_front.png,,R2R-003,,,rebel-camo-jacket,
no-chains-long-sleeve,No Chains Long Sleeve,R2R-004,30.0,Long sleeve tee showing broken chains to symbolize freedom. Color scheme: Gray and Black.,Reincarnated2Resist > Apparel,https://assets.omniversalmedia.vip/src/images/R2R-004/No_Chains_Long_Sleeve_front.png,,R2R-004,,,no-chains-long-sleeve,
resistance-symbol-tank-top,Resistance Symbol Tank Top,R2R-005,20.0,Tank top with a raised fist graphic and R2R tagline. Color scheme: White and Black.,Reincarnated2Resist > Apparel,https://assets.omniversalmedia.vip/src/images/R2R-005/Resistance_Symbol_Tank_Top_front.png,,R2R-005,,,resistance-symbol-tank-top,
resistance-fist-keychain,Resistance Fist Keychain,R2R-006,7.0,Metal keychain featuring a raised fist symbol charm. Color scheme: Silver and Black.,Reincarnated2Resist > Accessories,https://assets.omniversalmedia.vip/src/images/R2R-006/Resistance_Fist_Keychain_front.png,,R2R-006,,,resistance-fist-keychain,
phoenix-flame-enamel-pin,Phoenix Flame Enamel Pin,R2R-007,8.0,Enamel pin depicting a phoenix with flames. Color scheme: Red and Gold.,Reincarnated2Resist > Accessories,https://assets.omniversalmedia.vip/src/images/R2R-007/Phoenix_Flame_Enamel_Pin_front.png,,R2R-007,,,phoenix-flame-enamel-pin,
never-surrender-wristband,Never Surrender Wristband,R2R-008,5.0,Red silicone wristband embossed with Never Surrender. Color scheme: Red and White.,Reincarnated2Resist > Accessories,https://assets.omniversalmedia.vip/src/images/R2R-008/Never_Surrender_Wristband_front.png,,R2R-008,,,never-surrender-wristband,
embroidered-rebel-patch,Embroidered Rebel Patch,R2R-009,6.0,Embroidered patch with the Reincarnated2Resist phoenix emblem. Color scheme: Black and Orange.,Reincarnated2Resist > Accessories,https://assets.omniversalmedia.vip/src/images/R2R-009/Embroidered_Rebel_Patch_front.png,,R2R-009,,,embroidered-rebel-patch,
freedom-bandana,Freedom Bandana,R2R-010,10.0,Black bandana printed with a white phoenix and protest slogans. Color scheme: Black and White.,Reincarnated2Resist > Accessories,https://assets.omniversalmedia.vip/src/images/R2R-010/Freedom_Bandana_front.png,,R2R-010,,,freedom-bandana,
phoenix-rising-poster,Phoenix Rising Poster,R2R-011,10.0,Poster of a phoenix rising with the text Reborn to Resist. Color scheme: Orange and Black.,Reincarnated2Resist > Posters,https://assets.omniversalmedia.vip/src/images/R2R-011/Phoenix_Rising_Poster_front.png,,R2R-011,,,phoenix-rising-poster,
fist-of-resistance-poster,Fist of Resistance Poster,R2R-012,12.0,Graphic poster featuring a large raised fist and rays of light. Color scheme: Red and Black.,Reincarnated2Resist > Posters,https://assets.omniversalmedia.vip/src/images/R2R-012/Fist_of_Resistance_Poster_front.png,,R2R-012,,,fist-of-resistance-poster,
rebellion-quote-poster,Rebellion Quote Poster,R2R-013,10.0,Poster with an inspirational resistance quote in bold typography. Color scheme: Black and White.,Reincarnated2Resist > Posters,https://assets.omniversalmedia.vip/src/images/R2R-013/Rebellion_Quote_Poster_front.png,,R2R-013,,,rebellion-quote-poster,
reincarnated2resist-logo-sticker,Reincarnated2Resist Logo Sticker,R2R-014,3.0,Sticker of the R2R logo with phoenix and bold text. Color scheme: Black and Red.,Reincarnated2Resist > Stickers,https://assets.omniversalmedia.vip/src/images/R2R-014/Reincarnated2Resist_Logo_Sticker_front.png,,R2R-014,,,reincarnated2resist-logo-sticker,
phoenix-emblem-sticker,Phoenix Emblem Sticker,R2R-015,4.0,Die-cut sticker of the fiery phoenix emblem alone. Color scheme: Orange and Yellow.,Reincarnated2Resist > Stickers,https://assets.omniversalmedia.vip/src/images/R2R-015/Phoenix_Emblem_Sticker_front.png,,R2R-015,,,phoenix-emblem-sticker,
